platform,anon
reddit,0.0
reddit,0.0
reddit,0.0
reddit,0.0
reddit,0.0
reddit,0.0
reddit,1.0
reddit,1.0
reddit,1.0
reddit,0.0
reddit,0.0
reddit,0.0
reddit,1.0
reddit,0.0
reddit,0.0
reddit,0.0
reddit,0.0
reddit,0.0
reddit,1.0
reddit,1.0
reddit,0.0
reddit,0.0
reddit,0.0
reddit,1.0
reddit,0.0
reddit,0.0
reddit,0.0
reddit,1.0
reddit,0.0
reddit,1.0
reddit,1.0
reddit,1.0
reddit,0.0
reddit,1.0
reddit,0.0
reddit,1.0
reddit,0.0
reddit,1.0
reddit,0.0
reddit,0.0
reddit,1.0
reddit,0.0
reddit,0.0
reddit,1.0
reddit,0.0
reddit,0.0
reddit,0.0
reddit,0.0
reddit,0.0
reddit,0.0
reddit,0.0
reddit,0.0
reddit,0.0
reddit,0.0
reddit,0.0
reddit,1.0
reddit,0.0
reddit,0.0
reddit,0.0
reddit,1.0
reddit,0.0
reddit,0.0
reddit,1.0
reddit,0.0
reddit,1.0
reddit,0.0
reddit,0.0
reddit,0.0
reddit,1.0
reddit,0.0
reddit,0.0
reddit,1.0
reddit,0.0
reddit,0.0
reddit,0.0
reddit,0.0
reddit,1.0
reddit,1.0
reddit,0.0
reddit,0.0
reddit,0.0
reddit,1.0
reddit,0.0
reddit,0.0
reddit,0.0
reddit,0.0
reddit,0.0
reddit,1.0
reddit,0.0
reddit,0.0
reddit,0.0
reddit,0.0
reddit,0.0
reddit,1.0
reddit,1.0
reddit,0.0
reddit,1.0
reddit,1.0
reddit,0.0
reddit,1.0
reddit,1.0
reddit,0.0
reddit,0.0
reddit,0.0
reddit,0.0
reddit,1.0
reddit,1.0
reddit,0.0
reddit,0.0
reddit,0.0
reddit,0.0
reddit,1.0
reddit,0.0
reddit,1.0
reddit,0.0
reddit,1.0
reddit,0.0
reddit,0.0
reddit,1.0
reddit,0.0
reddit,0.0
reddit,0.0
reddit,0.0
reddit,0.0
reddit,0.0
reddit,1.0
reddit,1.0
reddit,1.0
reddit,0.0
reddit,0.0
reddit,1.0
reddit,1.0
reddit,0.0
reddit,1.0
reddit,0.0
reddit,0.0
reddit,1.0
reddit,0.0
reddit,0.0
reddit,0.0
reddit,1.0
reddit,0.0
reddit,1.0
reddit,0.0
reddit,0.0
reddit,0.0
reddit,0.0
reddit,0.0
reddit,0.0
reddit,0.0
reddit,0.0
reddit,0.0
reddit,0.0
reddit,1.0
reddit,1.0
reddit,0.0
reddit,1.0
reddit,1.0
reddit,1.0
reddit,0.0
reddit,0.0
reddit,0.0
reddit,0.0
reddit,0.0
reddit,0.0
reddit,0.0
reddit,0.0
reddit,0.0
reddit,1.0
reddit,1.0
reddit,0.0
reddit,0.0
reddit,0.0
reddit,1.0
reddit,0.0
reddit,0.0
reddit,0.0
reddit,0.0
reddit,0.0
reddit,0.0
reddit,1.0
reddit,0.0
reddit,0.0
reddit,0.0
reddit,0.0
reddit,0.0
reddit,1.0
reddit,1.0
reddit,1.0
reddit,0.0
reddit,0.0
reddit,1.0
reddit,0.0
reddit,0.0
reddit,0.0
reddit,1.0
reddit,0.0
reddit,0.0
reddit,1.0
reddit,0.0
reddit,1.0
reddit,1.0
reddit,0.0
reddit,1.0
reddit,0.0
reddit,1.0
reddit,1.0
reddit,0.0
reddit,0.0
reddit,1.0
reddit,0.0
reddit,0.0
reddit,1.0
reddit,0.0
reddit,0.0
reddit,0.0
reddit,0.0
reddit,0.0
reddit,0.0
reddit,0.0
reddit,0.0
reddit,0.0
reddit,0.0
reddit,0.0
reddit,0.0
reddit,0.0
reddit,1.0
reddit,0.0
reddit,1.0
reddit,0.0
reddit,1.0
reddit,1.0
reddit,0.0
reddit,1.0
reddit,0.0
reddit,0.0
reddit,0.0
reddit,1.0
reddit,1.0
reddit,0.0
reddit,0.0
reddit,0.0
reddit,1.0
reddit,1.0
reddit,1.0
reddit,0.0
reddit,0.0
reddit,1.0
reddit,1.0
reddit,0.0
reddit,1.0
reddit,0.0
reddit,0.0
reddit,0.0
reddit,1.0
reddit,0.0
reddit,0.0
reddit,0.0
reddit,0.0
reddit,1.0
reddit,0.0
reddit,0.0
reddit,0.0
reddit,0.0
reddit,1.0
reddit,1.0
reddit,0.0
reddit,0.0
reddit,1.0
reddit,1.0
reddit,1.0
reddit,1.0
reddit,0.0
reddit,0.0
reddit,1.0
reddit,1.0
reddit,0.0
reddit,0.0
reddit,0.0
reddit,0.0
reddit,0.0
reddit,0.0
reddit,0.0
reddit,0.0
reddit,1.0
reddit,0.0
reddit,0.0
reddit,0.0
reddit,1.0
reddit,0.0
reddit,1.0
reddit,1.0
reddit,1.0
reddit,0.0
reddit,0.0
reddit,0.0
reddit,0.0
reddit,0.0
reddit,0.0
reddit,0.0
reddit,0.0
reddit,1.0
reddit,1.0
reddit,0.0
reddit,0.0
reddit,0.0
reddit,0.0
reddit,0.0
reddit,1.0
reddit,0.0
reddit,0.0
reddit,0.0
reddit,0.0
reddit,0.0
reddit,0.0
reddit,1.0
reddit,0.0
reddit,0.0
reddit,1.0
reddit,0.0
reddit,0.0
reddit,0.0
reddit,0.0
reddit,0.0
reddit,0.0
reddit,1.0
reddit,0.0
reddit,1.0
reddit,1.0
reddit,1.0
reddit,1.0
reddit,0.0
reddit,0.0
reddit,0.0
reddit,0.0
reddit,0.0
reddit,0.0
reddit,0.0
reddit,1.0
reddit,0.0
reddit,0.0
reddit,0.0
reddit,1.0
reddit,0.0
reddit,0.0
reddit,1.0
reddit,0.0
reddit,0.0
reddit,1.0
reddit,1.0
reddit,1.0
reddit,0.0
reddit,0.0
reddit,0.0
reddit,0.0
reddit,0.0
reddit,1.0
reddit,0.0
reddit,0.0
reddit,1.0
reddit,0.0
reddit,0.0
reddit,0.0
reddit,0.0
reddit,0.0
reddit,0.0
reddit,1.0
reddit,0.0
reddit,0.0
reddit,1.0
reddit,0.0
reddit,0.0
reddit,0.0
reddit,0.0
reddit,0.0
reddit,0.0
reddit,1.0
reddit,0.0
reddit,0.0
reddit,0.0
reddit,0.0
reddit,0.0
reddit,1.0
reddit,1.0
reddit,0.0
reddit,0.0
reddit,0.0
reddit,1.0
reddit,1.0
reddit,0.0
reddit,0.0
reddit,0.0
reddit,0.0
reddit,1.0
reddit,1.0
reddit,1.0
reddit,0.0
reddit,1.0
reddit,1.0
reddit,0.0
reddit,0.0
reddit,1.0
reddit,1.0
reddit,0.0
reddit,0.0
reddit,1.0
reddit,0.0
reddit,0.0
reddit,0.0
reddit,0.0
reddit,1.0
reddit,0.0
reddit,0.0
reddit,0.0
reddit,0.0
reddit,0.0
reddit,0.0
reddit,0.0
reddit,0.0
reddit,0.0
reddit,0.0
reddit,0.0
reddit,0.0
reddit,0.0
reddit,0.0
reddit,0.0
reddit,0.0
reddit,0.0
reddit,1.0
reddit,1.0
reddit,0.0
reddit,0.0
reddit,0.0
reddit,1.0
reddit,0.0
reddit,0.0
reddit,0.0
reddit,0.0
reddit,0.0
reddit,0.0
reddit,0.0
reddit,0.0
reddit,0.0
reddit,0.0
reddit,1.0
reddit,1.0
reddit,0.0
reddit,0.0
reddit,0.0
reddit,1.0
reddit,1.0
reddit,0.0
reddit,0.0
reddit,0.0
reddit,0.0
reddit,0.0
reddit,0.0
reddit,1.0
reddit,1.0
reddit,1.0
reddit,1.0
reddit,0.0
reddit,0.0
reddit,0.0
reddit,0.0
reddit,0.0
reddit,0.0
reddit,0.0
reddit,1.0
reddit,1.0
reddit,0.0
reddit,0.0
reddit,0.0
reddit,0.0
reddit,0.0
reddit,1.0
reddit,0.0
reddit,0.0
reddit,0.0
reddit,0.0
reddit,1.0
reddit,1.0
reddit,0.0
reddit,1.0
reddit,0.0
reddit,0.0
reddit,1.0
reddit,0.0
reddit,1.0
reddit,0.0
reddit,1.0
reddit,0.0
reddit,0.0
reddit,0.0
reddit,0.0
reddit,0.0
reddit,0.0
reddit,1.0
reddit,0.0
reddit,0.0
reddit,0.0
reddit,1.0
reddit,0.0
reddit,0.0
reddit,0.0
reddit,1.0
reddit,0.0
reddit,0.0
reddit,0.0
reddit,1.0
reddit,1.0
reddit,1.0
reddit,0.0
reddit,0.0
reddit,1.0
reddit,0.0
reddit,0.0
reddit,1.0
reddit,0.0
reddit,0.0
reddit,0.0
reddit,0.0
reddit,0.0
reddit,1.0
reddit,0.0
reddit,1.0
reddit,1.0
reddit,1.0
reddit,1.0
reddit,0.0
reddit,1.0
reddit,0.0
reddit,0.0
reddit,1.0
reddit,0.0
reddit,1.0
reddit,0.0
reddit,0.0
reddit,1.0
reddit,0.0
reddit,1.0
reddit,0.0
reddit,0.0
reddit,0.0
reddit,0.0
reddit,1.0
reddit,0.0
reddit,0.0
reddit,0.0
reddit,0.0
reddit,0.0
reddit,0.0
reddit,0.0
reddit,1.0
reddit,1.0
reddit,1.0
reddit,0.0
reddit,0.0
reddit,0.0
reddit,0.0
reddit,0.0
reddit,0.0
reddit,0.0
reddit,0.0
reddit,0.0
reddit,0.0
reddit,1.0
reddit,1.0
reddit,0.0
reddit,0.0
reddit,0.0
reddit,1.0
reddit,1.0
reddit,0.0
reddit,0.0
reddit,1.0
reddit,0.0
reddit,0.0
reddit,0.0
reddit,1.0
reddit,1.0
reddit,1.0
reddit,0.0
reddit,0.0
reddit,0.0
reddit,0.0
reddit,0.0
reddit,0.0
reddit,0.0
reddit,1.0
reddit,1.0
reddit,0.0
reddit,1.0
reddit,1.0
reddit,0.0
reddit,0.0
reddit,0.0
reddit,1.0
reddit,0.0
reddit,0.0
reddit,0.0
reddit,1.0
reddit,0.0
reddit,0.0
reddit,1.0
reddit,0.0
reddit,1.0
reddit,0.0
reddit,0.0
reddit,0.0
reddit,0.0
reddit,0.0
reddit,0.0
reddit,0.0
reddit,0.0
reddit,0.0
reddit,0.0
reddit,1.0
reddit,0.0
reddit,1.0
reddit,0.0
reddit,1.0
reddit,1.0
reddit,0.0
reddit,1.0
reddit,0.0
reddit,1.0
reddit,0.0
reddit,0.0
reddit,0.0
reddit,1.0
reddit,0.0
reddit,0.0
reddit,1.0
reddit,0.0
reddit,0.0
reddit,0.0
reddit,0.0
reddit,1.0
reddit,0.0
reddit,1.0
reddit,0.0
reddit,0.0
reddit,0.0
reddit,1.0
reddit,0.0
reddit,0.0
reddit,0.0
reddit,0.0
reddit,0.0
reddit,0.0
reddit,1.0
reddit,1.0
reddit,1.0
reddit,0.0
reddit,0.0
reddit,0.0
reddit,0.0
reddit,1.0
reddit,0.0
reddit,1.0
reddit,0.0
reddit,0.0
reddit,0.0
reddit,1.0
reddit,0.0
reddit,1.0
reddit,0.0
reddit,1.0
reddit,1.0
reddit,0.0
reddit,0.0
reddit,0.0
reddit,0.0
reddit,0.0
reddit,0.0
reddit,1.0
reddit,0.0
reddit,0.0
reddit,0.0
reddit,1.0
reddit,1.0
reddit,1.0
reddit,0.0
reddit,1.0
reddit,0.0
reddit,1.0
reddit,0.0
reddit,0.0
reddit,0.0
reddit,0.0
reddit,0.0
reddit,0.0
reddit,1.0
reddit,0.0
reddit,0.0
reddit,0.0
reddit,1.0
reddit,1.0
reddit,1.0
reddit,0.0
reddit,1.0
reddit,0.0
reddit,0.0
reddit,0.0
reddit,0.0
reddit,0.0
reddit,1.0
reddit,1.0
reddit,1.0
reddit,0.0
reddit,0.0
reddit,0.0
reddit,1.0
reddit,0.0
reddit,0.0
reddit,0.0
reddit,0.0
reddit,0.0
reddit,0.0
reddit,0.0
reddit,0.0
reddit,0.0
reddit,1.0
reddit,1.0
reddit,0.0
reddit,1.0
reddit,0.0
reddit,1.0
reddit,0.0
reddit,0.0
reddit,0.0
reddit,0.0
reddit,1.0
reddit,0.0
reddit,0.0
reddit,1.0
reddit,0.0
reddit,0.0
reddit,0.0
reddit,0.0
reddit,1.0
reddit,0.0
reddit,0.0
reddit,0.0
reddit,0.0
reddit,1.0
reddit,0.0
reddit,0.0
reddit,0.0
reddit,1.0
reddit,0.0
reddit,1.0
reddit,1.0
reddit,0.0
reddit,0.0
reddit,0.0
reddit,0.0
reddit,0.0
reddit,0.0
reddit,0.0
reddit,0.0
reddit,0.0
reddit,0.0
reddit,0.0
reddit,1.0
reddit,0.0
reddit,0.0
reddit,0.0
reddit,0.0
reddit,0.0
reddit,1.0
reddit,1.0
reddit,1.0
reddit,0.0
reddit,0.0
reddit,0.0
reddit,0.0
reddit,1.0
reddit,1.0
reddit,0.0
reddit,1.0
reddit,1.0
reddit,0.0
reddit,0.0
reddit,0.0
reddit,0.0
reddit,0.0
reddit,0.0
reddit,1.0
reddit,1.0
reddit,0.0
reddit,0.0
reddit,0.0
reddit,0.0
reddit,1.0
reddit,1.0
reddit,0.0
reddit,0.0
reddit,0.0
reddit,0.0
reddit,0.0
reddit,0.0
reddit,1.0
reddit,1.0
reddit,0.0
reddit,0.0
reddit,0.0
reddit,0.0
reddit,1.0
reddit,0.0
reddit,1.0
reddit,0.0
reddit,1.0
reddit,0.0
reddit,1.0
reddit,0.0
reddit,0.0
reddit,0.0
reddit,1.0
reddit,0.0
reddit,1.0
reddit,1.0
reddit,1.0
reddit,0.0
reddit,0.0
reddit,0.0
reddit,1.0
reddit,1.0
reddit,0.0
reddit,0.0
reddit,0.0
reddit,0.0
reddit,0.0
reddit,0.0
reddit,0.0
reddit,0.0
reddit,0.0
reddit,0.0
reddit,1.0
reddit,0.0
reddit,1.0
reddit,0.0
reddit,1.0
reddit,0.0
reddit,0.0
reddit,1.0
reddit,0.0
reddit,1.0
reddit,0.0
reddit,0.0
reddit,1.0
reddit,0.0
reddit,1.0
reddit,0.0
reddit,0.0
reddit,0.0
reddit,0.0
reddit,0.0
reddit,0.0
reddit,0.0
reddit,0.0
reddit,1.0
reddit,0.0
reddit,0.0
reddit,0.0
reddit,1.0
reddit,1.0
reddit,0.0
reddit,0.0
reddit,0.0
reddit,1.0
reddit,1.0
reddit,0.0
reddit,1.0
reddit,0.0
reddit,1.0
reddit,0.0
reddit,0.0
reddit,0.0
reddit,0.0
reddit,0.0
reddit,0.0
reddit,0.0
reddit,1.0
reddit,1.0
reddit,1.0
reddit,0.0
reddit,0.0
reddit,1.0
reddit,0.0
reddit,1.0
reddit,0.0
reddit,1.0
reddit,0.0
reddit,0.0
reddit,0.0
reddit,1.0
reddit,1.0
reddit,1.0
reddit,0.0
reddit,0.0
reddit,0.0
reddit,1.0
reddit,0.0
reddit,0.0
reddit,0.0
reddit,0.0
reddit,1.0
reddit,0.0
reddit,0.0
reddit,0.0
reddit,0.0
reddit,0.0
reddit,0.0
reddit,0.0
reddit,0.0
reddit,0.0
reddit,0.0
reddit,1.0
reddit,1.0
reddit,1.0
reddit,1.0
reddit,0.0
reddit,0.0
reddit,0.0
reddit,0.0
reddit,1.0
reddit,0.0
reddit,0.0
reddit,0.0
reddit,1.0
reddit,1.0
reddit,0.0
reddit,0.0
reddit,0.0
reddit,0.0
reddit,0.0
reddit,0.0
reddit,1.0
reddit,0.0
reddit,0.0
reddit,0.0
reddit,0.0
reddit,1.0
reddit,0.0
reddit,0.0
reddit,0.0
reddit,1.0
reddit,0.0
reddit,0.0
reddit,1.0
reddit,0.0
reddit,0.0
reddit,0.0
reddit,0.0
reddit,0.0
reddit,0.0
reddit,0.0
reddit,0.0
reddit,0.0
reddit,1.0
reddit,0.0
reddit,1.0
reddit,0.0
reddit,0.0
reddit,0.0
reddit,0.0
reddit,0.0
reddit,1.0
reddit,0.0
reddit,0.0
reddit,1.0
reddit,1.0
reddit,0.0
reddit,0.0
reddit,1.0
reddit,0.0
reddit,0.0
reddit,0.0
reddit,1.0
reddit,0.0
reddit,1.0
reddit,0.0
reddit,0.0
reddit,0.0
reddit,0.0
reddit,1.0
reddit,1.0
reddit,1.0
reddit,0.0
reddit,1.0
reddit,0.0
reddit,0.0
reddit,1.0
reddit,0.0
reddit,0.0
reddit,0.0
reddit,1.0
reddit,1.0
twitter,1.0
twitter,1.0
twitter,0.0
twitter,0.0
twitter,1.0
twitter,1.0
twitter,0.0
twitter,1.0
twitter,1.0
twitter,0.0
twitter,0.0
twitter,0.0
twitter,0.0
twitter,1.0
twitter,0.0
twitter,0.0
twitter,0.0
twitter,0.0
twitter,1.0
twitter,1.0
twitter,0.0
twitter,1.0
twitter,0.0
twitter,1.0
twitter,1.0
twitter,1.0
twitter,1.0
twitter,1.0
twitter,0.0
twitter,1.0
twitter,1.0
twitter,1.0
twitter,0.0
twitter,0.0
twitter,0.0
twitter,1.0
twitter,0.0
twitter,1.0
twitter,0.0
twitter,1.0
twitter,0.0
twitter,0.0
twitter,1.0
twitter,1.0
twitter,1.0
twitter,0.0
twitter,0.0
twitter,0.0
twitter,0.0
twitter,1.0
twitter,1.0
twitter,0.0
twitter,0.0
twitter,0.0
twitter,1.0
twitter,1.0
twitter,0.0
twitter,0.0
twitter,1.0
twitter,0.0
twitter,1.0
twitter,0.0
twitter,1.0
twitter,1.0
twitter,0.0
twitter,0.0
twitter,0.0
twitter,1.0
twitter,0.0
twitter,1.0
twitter,1.0
twitter,1.0
twitter,1.0
twitter,0.0
twitter,0.0
twitter,0.0
twitter,1.0
twitter,1.0
twitter,1.0
twitter,0.0
twitter,0.0
twitter,0.0
twitter,1.0
twitter,1.0
twitter,1.0
twitter,0.0
twitter,1.0
twitter,1.0
twitter,1.0
twitter,0.0
twitter,0.0
twitter,1.0
twitter,0.0
twitter,0.0
twitter,0.0
twitter,0.0
twitter,0.0
twitter,0.0
twitter,1.0
twitter,0.0
twitter,1.0
twitter,0.0
twitter,1.0
twitter,0.0
twitter,0.0
twitter,1.0
twitter,1.0
twitter,1.0
twitter,1.0
twitter,1.0
twitter,0.0
twitter,1.0
twitter,0.0
twitter,1.0
twitter,0.0
twitter,1.0
twitter,1.0
twitter,0.0
twitter,0.0
twitter,0.0
twitter,1.0
twitter,0.0
twitter,0.0
twitter,0.0
twitter,1.0
twitter,0.0
twitter,1.0
twitter,1.0
twitter,0.0
twitter,1.0
twitter,0.0
twitter,1.0
twitter,1.0
twitter,0.0
twitter,1.0
twitter,0.0
twitter,0.0
twitter,1.0
twitter,0.0
twitter,0.0
twitter,1.0
twitter,0.0
twitter,1.0
twitter,1.0
twitter,0.0
twitter,1.0
twitter,1.0
twitter,1.0
twitter,0.0
twitter,1.0
twitter,0.0
twitter,0.0
twitter,1.0
twitter,1.0
twitter,1.0
twitter,0.0
twitter,0.0
twitter,1.0
twitter,1.0
twitter,1.0
twitter,0.0
twitter,1.0
twitter,1.0
twitter,1.0
twitter,1.0
twitter,1.0
twitter,1.0
twitter,0.0
twitter,1.0
twitter,1.0
twitter,0.0
twitter,0.0
twitter,0.0
twitter,1.0
twitter,1.0
twitter,0.0
twitter,0.0
twitter,1.0
twitter,0.0
twitter,0.0
twitter,1.0
twitter,1.0
twitter,1.0
twitter,0.0
twitter,0.0
twitter,0.0
twitter,1.0
twitter,1.0
twitter,1.0
twitter,1.0
twitter,0.0
twitter,0.0
twitter,1.0
twitter,0.0
twitter,0.0
twitter,1.0
twitter,0.0
twitter,1.0
twitter,1.0
twitter,0.0
twitter,0.0
twitter,1.0
twitter,1.0
twitter,1.0
twitter,1.0
twitter,1.0
twitter,0.0
twitter,1.0
twitter,1.0
twitter,0.0
twitter,1.0
twitter,1.0
twitter,0.0
twitter,0.0
twitter,1.0
twitter,0.0
twitter,1.0
twitter,0.0
twitter,0.0
twitter,0.0
twitter,0.0
twitter,0.0
twitter,1.0
twitter,1.0
twitter,1.0
twitter,0.0
twitter,0.0
twitter,1.0
twitter,1.0
twitter,1.0
twitter,1.0
twitter,1.0
twitter,1.0
twitter,1.0
twitter,1.0
twitter,1.0
twitter,1.0
twitter,1.0
twitter,0.0
twitter,0.0
twitter,1.0
twitter,0.0
twitter,0.0
twitter,0.0
twitter,1.0
twitter,1.0
twitter,0.0
twitter,1.0
twitter,1.0
twitter,0.0
twitter,1.0
twitter,1.0
twitter,1.0
twitter,1.0
twitter,1.0
twitter,1.0
twitter,0.0
twitter,1.0
twitter,0.0
twitter,1.0
twitter,0.0
twitter,0.0
twitter,0.0
twitter,1.0
twitter,1.0
twitter,1.0
twitter,0.0
twitter,0.0
twitter,0.0
twitter,1.0
twitter,0.0
twitter,0.0
twitter,1.0
twitter,0.0
twitter,1.0
twitter,0.0
twitter,1.0
twitter,1.0
twitter,1.0
twitter,0.0
twitter,1.0
twitter,1.0
twitter,1.0
twitter,0.0
twitter,1.0
twitter,0.0
twitter,1.0
twitter,1.0
twitter,0.0
twitter,1.0
twitter,0.0
twitter,0.0
twitter,1.0
twitter,1.0
twitter,1.0
twitter,1.0
twitter,0.0
twitter,1.0
twitter,1.0
twitter,1.0
twitter,0.0
twitter,1.0
twitter,1.0
twitter,1.0
twitter,1.0
twitter,1.0
twitter,0.0
twitter,1.0
twitter,0.0
twitter,0.0
twitter,0.0
twitter,1.0
twitter,1.0
twitter,1.0
twitter,1.0
twitter,0.0
twitter,0.0
twitter,0.0
twitter,1.0
twitter,1.0
twitter,1.0
twitter,1.0
twitter,0.0
twitter,1.0
twitter,0.0
twitter,0.0
twitter,0.0
twitter,0.0
twitter,0.0
twitter,1.0
twitter,0.0
twitter,0.0
twitter,1.0
twitter,1.0
twitter,1.0
twitter,1.0
twitter,0.0
twitter,1.0
twitter,1.0
twitter,1.0
twitter,1.0
twitter,1.0
twitter,1.0
twitter,0.0
twitter,0.0
twitter,0.0
twitter,0.0
twitter,0.0
twitter,0.0
twitter,0.0
twitter,0.0
twitter,0.0
twitter,0.0
twitter,1.0
twitter,0.0
twitter,0.0
twitter,0.0
twitter,1.0
twitter,1.0
twitter,0.0
twitter,0.0
twitter,0.0
twitter,0.0
twitter,0.0
twitter,1.0
twitter,0.0
twitter,1.0
twitter,0.0
twitter,0.0
twitter,0.0
twitter,1.0
twitter,0.0
twitter,1.0
twitter,1.0
twitter,1.0
twitter,1.0
twitter,0.0
twitter,1.0
twitter,1.0
twitter,1.0
twitter,1.0
twitter,1.0
twitter,0.0
twitter,0.0
twitter,0.0
twitter,1.0
twitter,0.0
twitter,0.0
twitter,0.0
twitter,1.0
twitter,1.0
twitter,1.0
twitter,1.0
twitter,1.0
twitter,1.0
twitter,0.0
twitter,0.0
twitter,1.0
twitter,0.0
twitter,0.0
twitter,0.0
twitter,1.0
twitter,1.0
twitter,0.0
twitter,1.0
twitter,1.0
twitter,0.0
twitter,0.0
twitter,0.0
twitter,0.0
twitter,1.0
twitter,0.0
twitter,1.0
twitter,1.0
twitter,0.0
twitter,0.0
twitter,0.0
twitter,0.0
twitter,1.0
twitter,1.0
twitter,0.0
twitter,1.0
twitter,0.0
twitter,1.0
twitter,1.0
twitter,0.0
twitter,1.0
twitter,1.0
twitter,1.0
twitter,0.0
twitter,0.0
twitter,1.0
twitter,0.0
twitter,1.0
twitter,1.0
twitter,1.0
twitter,0.0
twitter,0.0
twitter,0.0
twitter,0.0
twitter,0.0
twitter,1.0
twitter,1.0
twitter,1.0
twitter,0.0
twitter,1.0
twitter,1.0
twitter,0.0
twitter,1.0
twitter,0.0
twitter,1.0
twitter,1.0
twitter,0.0
twitter,0.0
twitter,1.0
twitter,0.0
twitter,0.0
twitter,1.0
twitter,0.0
twitter,0.0
twitter,0.0
twitter,0.0
twitter,0.0
twitter,0.0
twitter,1.0
twitter,0.0
twitter,0.0
twitter,1.0
twitter,0.0
twitter,1.0
twitter,0.0
twitter,1.0
twitter,1.0
twitter,1.0
twitter,0.0
twitter,1.0
twitter,1.0
twitter,1.0
twitter,0.0
twitter,1.0
twitter,0.0
twitter,1.0
twitter,1.0
twitter,0.0
twitter,0.0
twitter,0.0
twitter,1.0
twitter,1.0
twitter,0.0
twitter,1.0
twitter,1.0
twitter,1.0
twitter,1.0
twitter,1.0
twitter,0.0
twitter,0.0
twitter,1.0
twitter,1.0
twitter,1.0
twitter,1.0
twitter,1.0
twitter,1.0
twitter,1.0
twitter,1.0
twitter,0.0
twitter,0.0
twitter,0.0
twitter,0.0
twitter,0.0
twitter,1.0
twitter,1.0
twitter,0.0
twitter,0.0
twitter,1.0
twitter,1.0
twitter,0.0
twitter,0.0
twitter,0.0
twitter,0.0
twitter,0.0
twitter,0.0
twitter,1.0
twitter,0.0
twitter,0.0
twitter,0.0
twitter,0.0
twitter,0.0
twitter,0.0
twitter,1.0
twitter,1.0
twitter,1.0
twitter,1.0
twitter,0.0
twitter,1.0
twitter,0.0
twitter,0.0
twitter,0.0
twitter,1.0
twitter,1.0
twitter,1.0
twitter,0.0
twitter,1.0
twitter,1.0
twitter,0.0
twitter,1.0
twitter,1.0
twitter,1.0
twitter,1.0
twitter,0.0
twitter,0.0
twitter,1.0
twitter,0.0
twitter,0.0
twitter,1.0
twitter,0.0
twitter,1.0
twitter,0.0
twitter,1.0
twitter,0.0
twitter,0.0
twitter,1.0
twitter,0.0
twitter,1.0
twitter,1.0
twitter,0.0
twitter,1.0
twitter,1.0
twitter,1.0
twitter,0.0
twitter,1.0
twitter,1.0
twitter,1.0
twitter,0.0
twitter,1.0
twitter,0.0
twitter,1.0
twitter,0.0
twitter,1.0
twitter,0.0
twitter,1.0
twitter,1.0
twitter,1.0
twitter,0.0
twitter,1.0
twitter,0.0
twitter,0.0
twitter,1.0
twitter,1.0
twitter,0.0
twitter,1.0
twitter,0.0
twitter,1.0
twitter,0.0
twitter,0.0
twitter,0.0
twitter,0.0
twitter,1.0
twitter,1.0
twitter,1.0
twitter,1.0
twitter,1.0
twitter,1.0
twitter,0.0
twitter,0.0
twitter,1.0
twitter,1.0
twitter,1.0
twitter,1.0
twitter,0.0
twitter,0.0
twitter,1.0
twitter,1.0
twitter,1.0
twitter,0.0
twitter,0.0
twitter,0.0
twitter,1.0
twitter,0.0
twitter,0.0
twitter,0.0
twitter,1.0
twitter,0.0
twitter,1.0
twitter,0.0
twitter,1.0
twitter,0.0
twitter,1.0
twitter,1.0
twitter,1.0
twitter,1.0
twitter,1.0
twitter,1.0
twitter,1.0
twitter,1.0
twitter,0.0
twitter,0.0
twitter,0.0
twitter,0.0
twitter,1.0
twitter,1.0
twitter,0.0
twitter,0.0
twitter,0.0
twitter,1.0
twitter,1.0
twitter,0.0
twitter,1.0
twitter,0.0
twitter,1.0
twitter,1.0
twitter,1.0
twitter,0.0
twitter,1.0
twitter,0.0
twitter,1.0
twitter,0.0
twitter,1.0
twitter,0.0
twitter,0.0
twitter,1.0
twitter,1.0
twitter,1.0
twitter,0.0
twitter,1.0
twitter,1.0
twitter,1.0
twitter,0.0
twitter,0.0
twitter,1.0
twitter,0.0
twitter,1.0
twitter,0.0
twitter,0.0
twitter,1.0
twitter,0.0
twitter,1.0
twitter,1.0
twitter,0.0
twitter,1.0
twitter,1.0
twitter,1.0
twitter,0.0
twitter,0.0
twitter,1.0
twitter,0.0
twitter,1.0
twitter,1.0
twitter,0.0
twitter,0.0
twitter,0.0
twitter,0.0
twitter,0.0
twitter,0.0
twitter,1.0
twitter,0.0
twitter,1.0
twitter,0.0
twitter,0.0
twitter,0.0
twitter,1.0
twitter,0.0
twitter,0.0
twitter,0.0
twitter,0.0
twitter,0.0
twitter,0.0
twitter,0.0
twitter,1.0
twitter,1.0
twitter,0.0
twitter,0.0
twitter,1.0
twitter,0.0
twitter,1.0
twitter,0.0
twitter,0.0
twitter,1.0
twitter,1.0
twitter,0.0
twitter,0.0
twitter,1.0
twitter,0.0
twitter,0.0
twitter,1.0
twitter,0.0
twitter,0.0
twitter,0.0
twitter,0.0
twitter,1.0
twitter,0.0
twitter,0.0
twitter,0.0
twitter,0.0
twitter,1.0
twitter,1.0
twitter,1.0
twitter,1.0
twitter,1.0
twitter,1.0
twitter,0.0
twitter,0.0
twitter,1.0
twitter,0.0
twitter,0.0
twitter,1.0
twitter,0.0
twitter,1.0
twitter,0.0
twitter,0.0
twitter,0.0
twitter,1.0
twitter,1.0
twitter,1.0
twitter,1.0
twitter,0.0
twitter,1.0
twitter,1.0
twitter,0.0
twitter,1.0
twitter,0.0
twitter,0.0
twitter,1.0
twitter,1.0
twitter,1.0
twitter,1.0
twitter,0.0
twitter,1.0
twitter,0.0
twitter,1.0
twitter,1.0
twitter,0.0
twitter,0.0
twitter,0.0
twitter,0.0
twitter,1.0
twitter,1.0
twitter,1.0
twitter,1.0
twitter,1.0
twitter,1.0
twitter,1.0
twitter,0.0
twitter,1.0
twitter,0.0
twitter,0.0
twitter,1.0
twitter,0.0
twitter,0.0
twitter,0.0
twitter,1.0
twitter,1.0
twitter,0.0
twitter,1.0
twitter,1.0
twitter,0.0
twitter,0.0
twitter,0.0
twitter,1.0
twitter,0.0
twitter,1.0
twitter,1.0
twitter,0.0
twitter,0.0
twitter,1.0
twitter,1.0
twitter,0.0
twitter,0.0
twitter,0.0
twitter,1.0
twitter,0.0
twitter,0.0
twitter,1.0
twitter,1.0
twitter,1.0
twitter,1.0
twitter,0.0
twitter,1.0
twitter,1.0
twitter,1.0
twitter,1.0
twitter,0.0
twitter,1.0
twitter,1.0
twitter,0.0
twitter,0.0
twitter,1.0
twitter,1.0
twitter,0.0
twitter,1.0
twitter,1.0
twitter,0.0
twitter,0.0
twitter,0.0
twitter,0.0
twitter,0.0
twitter,0.0
twitter,0.0
twitter,1.0
twitter,1.0
twitter,1.0
twitter,1.0
twitter,1.0
twitter,0.0
twitter,0.0
twitter,1.0
twitter,0.0
twitter,0.0
twitter,0.0
twitter,1.0
twitter,0.0
twitter,0.0
twitter,0.0
twitter,1.0
twitter,1.0
twitter,0.0
twitter,0.0
twitter,1.0
twitter,1.0
twitter,0.0
twitter,0.0
twitter,0.0
twitter,1.0
twitter,0.0
twitter,1.0
twitter,1.0
twitter,1.0
twitter,1.0
twitter,1.0
twitter,0.0
twitter,1.0
twitter,0.0
twitter,1.0
twitter,1.0
twitter,1.0
twitter,1.0
twitter,1.0
twitter,1.0
twitter,0.0
twitter,1.0
twitter,1.0
twitter,1.0
twitter,1.0
twitter,0.0
twitter,1.0
twitter,0.0
twitter,1.0
twitter,0.0
twitter,0.0
twitter,0.0
twitter,0.0
twitter,0.0
twitter,0.0
twitter,1.0
twitter,1.0
twitter,1.0
twitter,0.0
twitter,0.0
twitter,1.0
twitter,0.0
twitter,0.0
twitter,0.0
twitter,1.0
twitter,1.0
twitter,1.0
twitter,1.0
twitter,1.0
twitter,0.0
twitter,0.0
twitter,1.0
twitter,1.0
twitter,1.0
twitter,0.0
twitter,0.0
twitter,1.0
twitter,1.0
twitter,0.0
twitter,0.0
twitter,0.0
twitter,0.0
twitter,0.0
twitter,0.0
twitter,0.0
twitter,1.0
twitter,0.0
twitter,0.0
twitter,0.0
twitter,1.0
twitter,0.0
twitter,0.0
twitter,0.0
twitter,1.0
twitter,1.0
twitter,1.0
twitter,1.0
twitter,0.0
twitter,0.0
twitter,1.0
twitter,1.0
twitter,1.0
twitter,1.0
twitter,0.0
twitter,1.0
twitter,0.0
twitter,1.0
twitter,1.0
twitter,0.0
twitter,1.0
twitter,0.0
twitter,1.0
twitter,0.0
twitter,1.0
twitter,0.0
twitter,1.0
twitter,0.0
twitter,0.0
twitter,1.0
twitter,0.0
twitter,1.0
twitter,0.0
twitter,0.0
twitter,1.0
twitter,1.0
twitter,1.0
twitter,1.0
twitter,0.0
twitter,0.0
twitter,1.0
twitter,0.0
twitter,1.0
twitter,0.0
twitter,0.0
twitter,0.0
twitter,0.0
twitter,0.0
twitter,1.0
twitter,1.0
twitter,0.0
twitter,0.0
twitter,1.0
twitter,1.0
twitter,0.0
twitter,1.0
twitter,0.0
twitter,1.0
twitter,1.0
twitter,0.0
twitter,0.0
twitter,0.0
twitter,0.0
twitter,0.0
twitter,0.0
twitter,1.0
twitter,1.0
twitter,1.0
twitter,0.0
twitter,0.0
twitter,1.0
twitter,0.0
twitter,0.0
twitter,1.0
